{
  "Hair Clips": "https://shop.paparazzipremiere.com/118427/shop/Type/Hair%20Clip",
  "Anklets": "https://shop.paparazzipremiere.com/118427/shop/Type/Anklet",
  "Bracelets": "https://shop.paparazzipremiere.com/118427/shop/Type/Bracelet",
  "Earrings": "https://shop.paparazzipremiere.com/118427/shop/Type/Earring",
  "Necklaces": "https://shop.paparazzipremiere.com/118427/shop/Type/Necklace",
  "Rings": "https://shop.paparazzipremiere.com/118427/shop/Type/Ring",
  "Mens": "https://shop.paparazzipremiere.com/118427/shop/Type/Mens",
  "Brooches": "https://shop.paparazzipremiere.com/118427/shop/Type/Brooches",
  "Summer Collection": "https://shop.paparazzipremiere.com/118427/shop/collections/Summer",
  "Crackle Collection": "https://shop.paparazzipremiere.com/118427/shop/collections/Crackle",
  "Heart Collection": "https://shop.paparazzipremiere.com/118427/shop/collections/Hearts",
  "Butterfly Collection": "https://shop.paparazzipremiere.com/118427/shop/collections/Butterflies",
  "Oil Spill Collection": "https://shop.paparazzipremiere.com/118427/shop/collections/Oil%20Spill"
}